{"k7": {"perplexity": 341.13637105754117, "coherence": [0.5123705802925321, 0.5600361551715582, 0.4646701220074818, 0.468973953046122, 0.3668484267436407, 0.4276540135840512, 0.44490309714029197]}, "k10": {"perplexity": 392.6578657869459, "coherence": [0.44928052052107753, 0.5870318763092695, 0.49203942774128706, 0.49017830144810437, 0.43308165395573006, 0.41542065002646283, 0.4913483792609603, 0.5861142703704031, 0.4649887089652231, 0.38188149365058005]}, "k15": {"perplexity": 470.128374859617, "coherence": [0.46865903286978716, 0.613997309214653, 0.4793665564626367, 0.48310602884360393, 0.4437977399201305, 0.4823084818565156, 0.5459531381101509, 0.591948106962888, 0.49572340661296466, 0.4014054367674835, 0.4747786926441583, 0.4480175119963062, 0.5602666995340048, 0.46077995844845326, 0.43630945766843554]}, "k20": {"perplexity": 540.505461938051, "coherence": [0.4969279707378436, 0.5341753563672381, 0.5182183487904384, 0.5313740007126243, 0.46252197765086533, 0.48781013258191946, 0.5459543592841053, 0.5798280157293888, 0.5294497140583942, 0.42839021849888753, 0.4801832760326407, 0.46660358945457736, 0.5477684105637548, 0.4840430327035433, 0.4600931041473597, 0.5099425079576099, 0.6012583257634511, 0.5044340836767573, 0.44980744939255324, 0.4369006770715288]}, "k25": {"perplexity": 612.5863926854026, "coherence": [0.478196674399773, 0.5549206949535486, 0.5061438067011512, 0.5109319113716678, 0.4507465154170339, 0.4839048538401934, 0.5119740367052873, 0.5696034876038543, 0.5180541542790074, 0.5060990283875013, 0.5102516532166843, 0.4545815439779977, 0.5536216428469788, 0.4772068661339369, 0.4560207639399364, 0.5080670263567529, 0.545411978534512, 0.5086707011294922, 0.44334730488175766, 0.455964296619815, 0.4893062459645063, 0.44422081432601485, 0.3930329699628306, 0.5089539493490676, 0.4591217089179801]}, "k30": {"perplexity": 677.4449957087228, "coherence": [0.5401932357827812, 0.5786367078489684, 0.4539459375938849, 0.5090271295188388, 0.4366398931950942, 0.4705215639704069, 0.47889241074610156, 0.5815233429121788, 0.5509941711604067, 0.5295555736431116, 0.4984953554863468, 0.4531463182003114, 0.5322322092556045, 0.46725707561924096, 0.494270260343941, 0.5081427198718346, 0.5477762539854223, 0.5088700057434151, 0.4900989759624763, 0.4687364634275203, 0.5140339512756367, 0.4712210855818806, 0.4495911447379163, 0.5062137419946923, 0.46314711785930135, 0.4436535749571974, 0.4974392828654084, 0.450667953677198, 0.5485455684884136, 0.47164027985045454]}, "k40": {"perplexity": 810.6749566447656, "coherence": [0.5471366068938177, 0.5548199268767771, 0.5202066271294573, 0.5026316078255137, 0.4368206038744746, 0.4920161643929495, 0.43716617441229166, 0.5238645938949315, 0.5299055826501491, 0.5230874557760254, 0.4865080020785869, 0.4637658927819328, 0.5237638609782623, 0.4860576398248645, 0.4681595760324324, 0.48751376693235604, 0.48128570054949416, 0.500780459652435, 0.5511830100515026, 0.4608143797318885, 0.48248344046380076, 0.47449687753168224, 0.45164174198517915, 0.5228103963361, 0.4423257991413454, 0.38588082947256164, 0.4689329350704455, 0.459461727573691, 0.48875821229094935, 0.5081889600708951, 0.39628704458183495, 0.4778592028471815, 0.44698125876946193, 0.5485915132688041, 0.48831657498968734, 0.5257843495363052, 0.5081253398769212, 0.46664981635144837, 0.5194490965954935, 0.46750573307113197]}, "k60": {"perplexity": 1298.8439602757503, "coherence": [0.5057010537108281, 0.5617596414362902, 0.517156370104176, 0.438832620771859, 0.4754873194599364, 0.4631811104711372, 0.47641826358223127, 0.4713946630480136, 0.5219099105730491, 0.47377572565380904, 0.46950629775027686, 0.4328049307522603, 0.523592511281315, 0.41564726852890593, 0.5184580874457184, 0.48687358963552363, 0.4843653152255246, 0.5049331390876517, 0.5509038225654639, 0.44869546699138807, 0.4752604763243397, 0.48797075245415744, 0.4605723157874266, 0.4872818742126596, 0.47200937909510426, 0.35640146142473833, 0.455840483803993, 0.4657936518206497, 0.5057906098632887, 0.5005854755729278, 0.4399209659793219, 0.4562847493991713, 0.46022547842477735, 0.5400764169539944, 0.5465594903248954, 0.4907484024893177, 0.5369420168267967, 0.46300338869379154, 0.5368163333892134, 0.4739900378209293, 0.434904939568166, 0.43890601991973294, 0.49222366384600946, 0.47063588776053467, 0.48860344264361577, 0.5272595981029136, 0.48098742213944784, 0.5173656520023908, 0.5391210287332548, 0.4344272100276892, 0.48229164783518474, 0.43710848989020396, 0.5282366800755478, 0.5177794221195247, 0.4749940436638262, 0.48037551723081406, 0.5452241934748565, 0.5892258358571599, 0.5852022658134874, 0.4757712534368113]}, "k80": {"perplexity": 2047.6577626188505, "coherence": [0.4753756746661836, 0.4980040698047585, 0.5122364145664362, 0.5045920803295105, 0.4506504578082796, 0.46767861981929737, 0.4398780428718886, 0.4915194288362925, 0.4789040775539305, 0.49773972981177544, 0.47114495218928676, 0.44553256019320847, 0.5014364015415063, 0.42873270359326704, 0.5257358480062522, 0.47160329988908706, 0.48155967135121314, 0.5377457844326579, 0.545692383546016, 0.4451079727359365, 0.443741931386742, 0.45913829353867686, 0.45135707775001743, 0.48075337621814535, 0.4670324877067422, 0.4017590796678162, 0.44021294308500625, 0.4808317425804212, 0.469771421473088, 0.501654032580548, 0.4305365636460669, 0.5308264657945282, 0.48594571184664453, 0.5871476821353165, 0.4898984321441649, 0.5110286762951533, 0.45847007664908795, 0.47228178550645994, 0.48780072930573626, 0.48623450800925916, 0.47821690255639293, 0.4388618065533912, 0.4992818341395847, 0.4962783780310206, 0.47820072823799, 0.4652862252454952, 0.48251248047174977, 0.47978915269213324, 0.4932180924300087, 0.44903155506304016, 0.41738132229180513, 0.4601208932331001, 0.5575332492799564, 0.5520617169462033, 0.4609772413505101, 0.5411467684361133, 0.48807636043220004, 0.5903694905392406, 0.6154014826443028, 0.47003568795395667, 0.4805478638617752, 0.45823108514232047, 0.4537261992144982, 0.4686804195484126, 0.48314658247538206, 0.42588714117863014, 0.4719891921150712, 0.48019667084714035, 0.462268000950814, 0.49757878402448724, 0.5585766602104589, 0.5287351314586888, 0.48591379876911034, 0.4885815029048731, 0.5608355531553206, 0.5529623951758499, 0.5195078274661424, 0.5605598141524876, 0.48593358754170124, 0.45592659919778156]}, "k100": {"perplexity": 3382.639084473857,