{"min_act.ndjson": {"overall": {"counts": {"English": 21506207, "Portuguese": 332572, "Arabic": 250503, "German": 223956, "Spanish": 178334, "Japanese": 177927, "Russian": 114725, "Chinese": 109535, "Italian": 103426, "French": 88103}, "percents": {"English": 0.9114044261214148, "Portuguese": 0.014093958679187417, "Arabic": 0.010615983699807817, "German": 0.009490957176058409, "Spanish": 0.007557557542710176, "Japanese": 0.007540309424460807, "Russian": 0.004861892791545218, "Chinese": 0.004641947499864071, "Italian": 0.00438305621144786, "French": 0.003733687867627007}}, "posts": {"counts": {"English": 5319874, "Arabic": 124498, "Portuguese": 106613, "Spanish": 42037, "German": 29656, "Japanese": 29480, "Persian": 28209, "Chinese": 18808, "French": 18007, "Italian": 17841}, "percents": {"English": 0.9123226845147735, "Arabic": 0.021350571381337276, "Portuguese": 0.018283413923745852, "Spanish": 0.007209063351678542, "German": 0.0050858049517657974, "Japanese": 0.005055622133060956, "Persian": 0.004837654163891334, "Chinese": 0.003225445762503747, "French": 0.003088079638739099, "Italian": 0.0030596117529152144}}, "comments": {"counts": {"English": 16186333, "Portuguese": 225959, "German": 194300, "Japanese": 148447, "Spanish": 136297, "Arabic": 126005, "Russian": 102958, "Chinese": 90727, "Italian": 85585, "French": 70096}, "percents": {"English": 0.9111030305964124, "Portuguese": 0.012718873984029287, "German": 0.010936839050876003, "Japanese": 0.008355846354016417, "Spanish": 0.007671942110742391, "Arabic": 0.00709262174269496, "Russian": 0.0057953426402475115, "Chinese": 0.005106879035351657, "Italian": 0.0048174440049882795, "French": 0.0039455927437478345}}}, "mod_act.ndjson": {"overall": {"counts": {"English": 14001320, "Arabic": 380898, "Persian": 189183, "Portuguese": 188758, "Japanese": 103251, "German": 93761, "Spanish": 87835, "Chinese": 69300, "Russian": 61412, "French": 56936}, "percents": {"English": 0.8985848174148316, "Arabic": 0.024445492266705893, "Persian": 0.012141496052728606, "Portuguese": 0.012114220156784417, "Japanese": 0.006626502428549507, "German": 0.006017447716760422, "Spanish": 0.005637125459430378, "Chinese": 0.004447575503370242, "Russian": 0.003941334874646079, "French": 0.0036540715564197415}}, "posts": {"counts": {"English": 3288283, "Arabic": 121264, "Portuguese": 116310, "Persian": 46621, "Japanese": 37622, "Spanish": 34077, "Chinese": 26655, "French": 19295, "German": 19128, "Egyptian Arabic": 15900}, "percents": {"English": 0.8629545145590047, "Arabic": 0.03182369530039937, "Portuguese": 0.030523601401812993, "Persian": 0.012234896577714071, "Japanese": 0.00987326052737519, "Spanish": 0.00894293495803956, "Chinese": 0.006995156008643499, "French": 0.005063647915467128, "German": 0.005019821576939893, "Egyptian Arabic": 0.0041726873208565605}}, "comments": {"counts": {"English": 10713037, "Arabic": 259634, "Persian": 142562, "German": 74633, "Portuguese": 72448, "Japanese": 65629, "Spanish": 53758, "Russian": 50050, "Chinese": 42645, "Egyptian Arabic": 39959}, "percents": {"English": 0.9101189878981694, "Arabic": 0.02205703511562158, "Persian": 0.012111260621310167, "German": 0.006340397258387521, "Portuguese": 0.00615477202545334, "Japanese": 0.005575468380886667, "Spanish": 0.004566975410560963, "Russian": 0.004251964717782957, "Chinese": 0.0036228778299671168, "Egyptian Arabic": 0.003394690472685098}}}, "ver_act.ndjson": {"overall": {"counts": {"English": 8081465, "Arabic": 220350, "Portuguese": 102114, "Japanese": 77224, "Persian": 71841, "German": 51502, "Egyptian Arabic": 49907, "Chinese": 45056, "Spanish": 44951, "French": 37340}, "percents": {"English": 0.9028050698955014, "Arabic": 0.0246159696480123, "Portuguese": 0.011407465961593501, "Japanese": 0.00862692825095576, "Persian": 0.008025576925268217, "German": 0.0057534452861898325, "Egyptian Arabic": 0.005575262978095529, "Chinese": 0.005033342992788029, "Spanish": 0.005021613122976178, "French": 0.004171365131185747}}, "posts": {"counts": {"English": 3197384, "Portuguese": 72719, "Arabic": 70898, "Japanese": 43629, "Chinese": 24287, "Spanish": 23831, "French": 20710, "German": 19155, "Persian": 18385, "Egyptian Arabic": 12688}, "percents": {"English": 0.8967003036131252, "Portuguese": 0.02039390619908114, "Arabic": 0.0198832101885677, "Japanese": 0.01223567064398178, "Chinese": 0.006811243276957654, "Spanish": 0.006683358938245887, "French": 0.005808080383159427, "German": 0.005371983570227853, "Persian": 0.005156038524596141, "Egyptian Arabic": 0.0035583256350326807}}, "comments": {"counts": {"English": 4884081, "Arabic": 149452, "Persian": 53456, "Egyptian Arabic": 37219, "Japanese": 33595, "German": 32347, "Portuguese": 29395, "Spanish": 21120, "Chinese": 20769, "Russian": 19575}, "percents": {"English": 0.9068468026196371, "Arabic": 0.027749349026994028, "Persian": 0.00992538876419849, "Egyptian Arabic": 0.006910600202310379, "Japanese": 0.006237717665617485, "German": 0.0060059965271537065, "Portuguese": 0.005457886911172078, "Spanish": 0.003921434650925474, "Chinese": 0.003856263080732536, "Russian": 0.003634568337683056}}}, "ext_act.ndjson": {"overall": {"counts": {"English": 1266682, "Portuguese": 25279, "Japanese": 21815, "Spanish": 12620, "German": 10262, "Chinese": 8512, "French": 6606, "Catalan": 4367, "Russian": 4361, "Italian": 3756}, "percents": {"English": 0.9165472154788479, "Portuguese": 0.01829140783566025, "Japanese": 0.015784922739622943, "Spanish": 0.009131594085447697, "German": 0.0074253897388957425, "Chinese": 0.006159122730216387, "French": 0.004779977062477615, "Catalan": 0.0031598788725158557, "Russian": 0.003155537385628955, "Italian": 0.002717770791199806}}, "posts": {"counts": {"English": 1061052, "Portuguese": 24135, "Japanese": 13695, "Spanish": 7227, "German": 5597, "Chinese": 5029, "French": 3852, "Catalan": 3815, "Russian": 2231, "Italian": 1557}, "percents": {"English": 0.9332507726867334, "Portuguese": 0.02122799579925801, "Japanese": 0.012045469337925769, "Spanish": 0.0063565247831463695, "German": 0.004922854463992006, "Chinese": 0.004423268733145578, "French": 0.0033880356253881026, "Catalan": 0.0033554921886956414, "Russian": 0.0019622812773210947, "Italian": 0.0013694629981124806}}, "comments": {"counts": {"English": 205630, "Japanese": 8120, "Spanish": 5393, "German": 4665, "Chinese": 3483, "French": 2754, "Italian": 2199, "Russian": 2130, "Portuguese": 1144, "Esperanto": 938}, "percents": {"English": 0.8390561179730122, "Japanese": 0.033132984865733885, "Spanish": 0.022005688101096408, "German": 0.01903514463037544, "Chinese": 0.01421209190730925, "French": 0.011237468019732896, "Italian": 0.008972836664993695, "Russian": 0.008691287901972065, "Portuguese": 0.004667996882561523, "Esperanto": 0.0038274310103520175}}}}