{"k7": {"perplexity": 553.9879384302158, "coherence": [0.20653480355634457, 0.12752371007963395, 0.1986154379199874, 0.2881710744467823, 0.22486014324495257, 0.22495259029695922, 0.2921519127132128]}, "k10": {"perplexity": 631.4525628682134, "coherence": [0.22560086568448368, 0.18334230836921006, 0.24091832024912843, 0.30675242199961616, 0.3162184492753771, 0.27923251338410826, 0.30145025512209356, 0.3235284624543667, 0.2497124474033913, 0.29060148190202495]}, "k15": {"perplexity": 774.108110117537, "coherence": [0.2914679123993105, 0.24333955944529495, 0.34273984560934306, 0.33959699168407775, 0.34522764274122486, 0.2934061066346772, 0.35367127160678025, 0.3402903521778132, 0.25457348490710585, 0.3707112555717194, 0.28404928401222485, 0.3890754021377609, 0.332298630462361, 0.5209571565819519, 0.26234152239207587]}, "k20": {"perplexity": 887.5889038789646, "coherence": [0.3138553519886008, 0.29762388678573914, 0.3418469885338461, 0.34271708744643814, 0.32446392521781336, 0.26594236553847456, 0.32523122157312667, 0.39558836939983444, 0.2670268852794223, 0.3804918666097376, 0.31878985246694136, 0.3496089883127233, 0.29447293158286514, 0.5153701631007344, 0.3022776819234119, 0.2858197512919027, 0.2972009565292545, 0.2905172283334992, 0.34940387627397507, 0.31971041011086454]}, "k25": {"perplexity": 887.5889038789646, "coherence": [0.3138553519886008, 0.29762388678573914, 0.3418469885338461, 0.34271708744643814, 0.32446392521781336, 0.26594236553847456, 0.32523122157312667, 0.39558836939983444, 0.2670268852794223, 0.3804918666097376, 0.31878985246694136, 0.3496089883127233, 0.29447293158286514, 0.5153701631007344, 0.3022776819234119, 0.2858197512919027, 0.2972009565292545, 0.2905172283334992, 0.34940387627397507, 0.31971041011086454]}, "k30": {"perplexity": 1169.3769557331866, "coherence": [0.28762658108567285, 0.2736007244332251, 0.35583801804682946, 0.343482539596291, 0.2867441764907145, 0.36806552767996614, 0.3303733588654318, 0.3846862128267877, 0.2781509304883308, 0.32916035128866045, 0.3576554573969238, 0.35514397314733875, 0.3035564362804253, 0.5080461083733276, 0.3120032112490919, 0.2930603716385204, 0.31105858853725793, 0.4922840230507555, 0.29241499762026585, 0.3223286295808255, 0.3996321425749184, 0.3186266533066705, 0.2924194442569161, 0.32378707936906886, 0.3022532095875311, 0.3378545070058089, 0.2779298818717707, 0.32050904176784156, 0.29071037300307523, 0.5137540201936097]}, "k40": {"perplexity": 1452.6971953649245, "coherence": [0.31064734238653824, 0.2693815347281546, 0.36459196529715293, 0.2945964833569271, 0.32630769660153863, 0.3830379833765179, 0.3721974750370406, 0.37186948789292407, 0.3094818723648586, 0.33881176608340313, 0.312318863533778, 0.32927364106725165, 0.3463341175227717, 0.5158146313018034, 0.3161849934327386, 0.33851722330157086, 0.2844940726970181, 0.4865695617821072, 0.2378672883812286, 0.3171659558187104, 0.3788855056970505, 0.29032036642405223, 0.31408148528827085, 0.3309349809870069, 0.3206059780511289, 0.28506551266818536, 0.28917112700842496, 0.32658224788541146, 0.3092035962518122, 0.5062843968829742, 0.40348347006156554, 0.3378051761052817, 0.25584966625457334, 0.3559836803741906, 0.33337462151548924, 0.307662630002581, 0.2940237873857193, 0.3767744073696791, 0.28862642479244854, 0.30399633570993817]}, "k60": {"perplexity": 2062.168158870461, "coherence": [0.2901505330615127, 0.2704184210573187, 0.33942459740409414, 0.2898899670540163, 0.37211689156236, 0.30142197709459817, 0.3423638161456187, 0.3640792278209606, 0.30035547191243406, 0.3483016287678384, 0.31302752277360735, 0.3250713691859758, 0.32103145128111993, 0.46724465894678113, 0.32053896489702777, 0.3153081587267329, 0.2639841525350422, 0.5061942249829176, 0.24198460192568713, 0.32580126415415944, 0.3090592154521491, 0.289069254459568, 0.32136920538473135, 0.3324135242130718, 0.3228714490807626, 0.2695849514877185, 0.24398278682355912, 0.32183433972676717, 0.27473955371668657, 0.5039784714579956, 0.32415060290511427, 0.3011911649700814, 0.2199913004406288, 0.34030140010986965, 0.29232025299338205, 0.25555369442260173, 0.28498276719690513, 0.3582296977131996, 0.2959072204482188, 0.28474883033136716, 0.25623404216911255, 0.3630239164887933, 0.28597766944434855, 0.2989919304464653, 0.34506680204757073, 0.2765596500281794, 0.312358661177946, 0.3475027337191085, 0.32863117748369747, 0.38197924592828036, 0.26731239048306576, 0.30348173478123464, 0.3589412695234738, 0.3465580803683669, 0.3098443017128907, 0.3445888250459034, 0.2831536087365472, 0.3354767609888588, 0.29268066499454554, 0.325852149007965]}, "k80": {"perplexity": 2628.8699205103458, "coherence": [0.26913440374552994, 0.25238666987641833, 0.30747420018775795, 0.32881330679289256, 0.3064234373094075, 0.3399608189094925, 0.3051055796483738, 0.34228456428717924, 0.2980046701529725, 0.34624242568421015, 0.28432977451988956, 0.3375586709715344, 0.319272023376348, 0.25992258554623543, 0.28229850773115167, 0.3506899952307707, 0.32142276210185117, 0.3076526228700293, 0.27979398745034284, 0.3184640344860349, 0.2739978365113296, 0.3021490058330924, 0.3155889487057616, 0.31620133262420935, 0.31723022302588316, 0.23623670076738112, 0.29269300365492495, 0.31044857617342003, 0.30143277202382424, 0.5154213147397717, 0.3840024975723303, 0.3056040112310871, 0.227813528974158, 0.3061814922629565, 0.2879971785906873, 0.26909236992253777, 0.36015133440962566, 0.31612215363501495, 0.3421247903147676, 0.2549873381769704, 0.2740274920966187, 0.3643242818915188, 0.289911732021557, 0.29355064354359117, 0.29123292208717894, 0.2848636197342388, 0.333456580429204, 0.2995323291687744, 0.252345470498606, 0.3894222240351065, 0.30635234997889904, 0.28886683252422407, 0.306104888009468, 0.31517058502723794, 0.34232557010488474, 0.3434716119457112, 0.30158692773928947, 0.3122374113917204, 0.30123702891864984, 0.31553048277426343, 0.3057617528569548, 0.2997327253411794, 0.2764018386597589, 0.2739942170482296, 0.2668079627756358, 0.4904134659057403, 0.3132226426253041, 0.30603292146638533, 0.30534252147483454, 0.27745018503029745, 0.30236156714236506, 0.3240614887255651, 0.3470549579463499, 0.31966674621968433, 0.26266902888312355, 0.34496042126972315, 0.3071992409916561, 0.31458468870102496, 0.3204226843723494, 0.3109772010811253]}, "k100": {"perplexity": 3143.7455514356902,