{"k7": {"perplexity": 135.7024438829358, "coherence": [0.40507696986574115, 0.3600011178328915, 0.3289423007844948, 0.43165860194707834, 0.49562432397846434, 0.5494227682186844, 0.5423486722820021]}, "k10": {"perplexity": 148.1169427606087, "coherence": [0.5280043925379201, 0.40822659178231857, 0.33255119144423506, 0.5349105746644819, 0.5017927208091394, 0.5266198047082257, 0.6235166306994254, 0.18581944134308953, 0.4754375661937975, 0.5596404202901797]}, "k15": {"perplexity": 166.20026520836439, "coherence": [0.4946089333809871, 0.4512892590439204, 0.333627343275968, 0.42722552809785136, 0.5045840680046763, 0.47379528145983174, 0.5676078795469202, 0.3500110158838868, 0.5135217377532306, 0.3655792559252003, 0.5053818781353995, 0.43143637444413974, 0.46096649036874693, 0.455529846091672, 0.5273061345301825]}, "k20": {"perplexity": 183.56217607080498, "coherence": [0.45110682343754666, 0.445394226724049, 0.33397756396819855, 0.4753079810186617, 0.5049005599078424, 0.41266486715971995, 0.555875206907052, 0.4103850708247216, 0.5189374895439361, 0.42007126165090086, 0.503901040985393, 0.3921524757143219, 0.4662693104547266, 0.4659226396359236, 0.47927492707588487, 0.5591366265710442, 0.4474938104325908, 0.5557979081616331, 0.5667354943258861, 0.49611376519608497]}, "k25": {"perplexity": 201.25744920464288, "coherence": [0.32942098999550107, 0.49507105744683155, 0.33408801302794655, 0.43269818173472957, 0.5049989730600365, 0.4537517981633479, 0.5209250801730174, 0.3542723925568348, 0.47104536872015074, 0.3703671820613662, 0.528176128196611, 0.44313312933597837, 0.48400497021117717, 0.329804725813366, 0.4474728717403608, 0.5936918938799847, 0.40196370052275227, 0.5137927384756575, 0.5724939190398851, 0.46092744925226353, 0.6094436472975768, 0.41714263838684557, 0.452190821190629, 0.47395397798195465, 0.5387851423544777]}, "k30": {"perplexity": 216.63660408979842, "coherence": [0.559268978368004, 0.44719384663267103, 0.41887711730552885, 0.45450742034818087, 0.47410317370023536, 0.4508255957445673, 0.5200528137928899, 0.47262659245645455, 0.5260323959391069, 0.4583127312981947, 0.5145256169318503, 0.4436664261411088, 0.4732882840142543, 0.5141720540946766, 0.40960423134237545, 0.6095219956833988, 0.4381695323268383, 0.4925513574751352, 0.5525521988144904, 0.46112467247332567, 0.5817989612539411, 0.4528788698622771, 0.4405854065087196, 0.44658194201880275, 0.5277034932546982, 0.40144345591362435, 0.4264533086548449, 0.47725489957665024, 0.33351428775556985, 0.3621101134117234]}, "k40": {"perplexity": 284.7724078493674, "coherence": [0.5193774639657722, 0.41423589196292443, 0.41630929684411616, 0.48122624119399215, 0.5009996848828652, 0.42348642610717546, 0.45924167531653043, 0.39746516297911966, 0.52658295277553, 0.4923714155991116, 0.48323970577514463, 0.5308183115668431, 0.5201888296934045, 0.5507993475509195, 0.40652050691531183, 0.548402967053639, 0.4313976650310923, 0.4941034378176643, 0.5546694186607622, 0.4643691443164246, 0.5957020842795788, 0.4625757003923126, 0.4097952242958753, 0.4391359511859167, 0.514849118370331, 0.5035496735528712, 0.43719833090549043, 0.4586808397646111, 0.3335156352402355, 0.43733544502379973, 0.47944969664648623, 0.4653935953090051, 0.39380796825883785, 0.4415891425283302, 0.48892098276951257, 0.47410741172198445, 0.319599897026801, 0.5200229757002013, 0.46338152185660053, 0.467889218665409]}, "k60": {"perplexity": 661.9802687759513, "coherence": [0.4721952814108391, 0.42380488612671546, 0.38278934258578673, 0.48878688734298115, 0.4911865918060029, 0.529262913301261, 0.45041861647877945, 0.357610975820984, 0.528124238891286, 0.440000199743944, 0.539094117712214, 0.5564457986819156, 0.48297794350197776, 0.5793444410647087, 0.4328903298668131, 0.5388319659101721, 0.4522497834386968, 0.5378528772669747, 0.46756447095317677, 0.4871898106527988, 0.5912678793904075, 0.45738219970332006, 0.4626943359383794, 0.4325104954179764, 0.5466010003832512, 0.5680272765877329, 0.48027761088947757, 0.5349070242942856, 0.3335014256081601, 0.4278723707323122, 0.5546451221693007, 0.46162899070209296, 0.3987266502851689, 0.496476269414485, 0.5137724644553279, 0.4672346218138066, 0.3786231111372999, 0.5489770494786252, 0.4252682580215703, 0.47294971360022736, 0.5178299493327707, 0.5652258184378616, 0.5295882512000605, 0.5551200021267987, 0.5373290875606204, 0.4911865918060029, 0.5136259694672435, 0.48058814981311837, 0.49040285186650834, 0.5221024787023247, 0.3567282705052803, 0.5176602740829429, 0.4535657870256472, 0.5016394550944888, 0.2600335269537731, 0.5129614949842944, 0.5255222589670913, 0.49379569453903144, 0.3272752470958995, 0.4554362905347977]}, "k80": {"perplexity": 774.9120341057561, "coherence": [0.45705449425202094, 0.4524240006992648, 0.4806564484645336, 0.5357574306633225, 0.5009996848828651, 0.4349488975855886, 0.4720512233500142, 0.4494632159611596, 0.526925506721176, 0.4397312598447446, 0.471021766388933, 0.48237333960967216, 0.5324211115106163, 0.5481149851707022, 0.4987225275136452, 0.5382488489584019, 0.39648772304231134, 0.4374023893196031, 0.529221478802683, 0.46849642331140534, 0.5905237203361986, 0.5140653880823782, 0.4791617641201492, 0.45716613863497724, 0.5473941575805216, 0.5779243848821042, 0.5039387588006498, 0.5179414587587997, 0.32814165438078896, 0.40836586951526177, 0.5273880725657041, 0.48583475630322, 0.2994272040120947, 0.5316758405325525, 0.47064562248654235, 0.44686448007447604, 0.40770033801188016, 0.5735669304954342, 0.4780619499249211, 0.4773498941839914, 0.5510916180793118, 0.5456217354234233, 0.47139720156295734, 0.5559906223033627, 0.5718944794907379, 0.4181205829765684, 0.4997467924819109, 0.454534890699663, 0.43476429687156654, 0.41174479233060896, 0.5394943032586083, 0.4442689971229705, 0.4399580385654406, 0.48663418033823147, 0.35273310562674803, 0.47752760510753695, 0.553091183993677, 0.4853891567956918, 0.32728274906414306, 0.44530458733244355, 0.5948276112288626, 0.5461491794936306, 0.5216148723601559, 0.37619661273945854, 0.4917888803675404, 0.5009996848828651, 0.3804597523769488, 0.5589895378682026, 0.46115446834185647, 0.5153852351379425, 0.5351884945023155, 0.49104433345149906, 0.5510099745824227, 0.5039699767143918, 0.49227553664489465, 0.4308592896780632, 0.5009996848828652, 0.5187185768176479, 0.48577338550760085, 0.5413849936802058]}, "k100": {"perplexity": 1768.6989038035117,