{"k7": {"perplexity": 102.52220015165013, "coherence": [0.41077576993083487, 0.40024461330155026, 0.44332191834528994, 0.5362008866971468, 0.48959043885466047, 0.37191821226844807, 0.5361527964535225]}, "k10": {"perplexity": 131.76892384732218, "coherence": [0.4156246898918637, -0.047286816212240915, 0.39226170511651415, 0.5010238037867992, 0.444415297241061, 0.3905083049241566, 0.26806680123628995, 0.5138613334336888, 0.3138691030289914, 0.5561293337171453]}, "k15": {"perplexity": 136.0256279540631, "coherence": [0.48158750770666553, 0.27082728868436534, 0.48656256076077814, 0.5571830180784885, 0.43120028660436305, 0.43591089018319507, 0.539212462399936, 0.557407871527375, 0.3845946531265512, 0.52969325294833, 0.39399999896429483, 0.5975242259796298, 0.44464327130422754, 0.46866260258848735, 0.5741323367192149]}, "k20": {"perplexity": 154.05148620067166, "coherence": [0.47809070801547077, 0.024262566754694202, 0.33408689982887263, 0.5854391493502626, 0.5597847122989255, 0.39793889750172023, 0.26724335253024145, 0.5655869782731475, 0.556043361554313, 0.5244272938348222, 0.393901527446778, 0.5151280152942019, 0.41906063146009503, 0.535686095652186, 0.5171308659388476, 0.5019107363075781, 0.451702634689072, 0.42663916550121145, 0.46098683184247474, 0.40855944421418205]}, "k25": {"perplexity": 207.28143029106323, "coherence": [0.5374748147673905, 0.3835619904970965, 0.40003956358473414, 0.5594907397788268, 0.5368080495702101, 0.401328096733801, 0.40189436462712563, 0.5574438169439673, 0.44931714532275596, 0.4989228163156859, 0.39427160252639687, 0.5843553015392878, 0.4214850555436679, 0.47345063689532874, 0.5127678640554928, 0.4578111444375609, 0.4223949776273681, 0.459730321502148, 0.49284441274428203, 0.41499919032125404, 0.5345801592422308, 0.36421046385578665, 0.5635330907348529, 0.3652364367661295, 0.5007981333356119]}, "k30": {"perplexity": 387.02633863423284, "coherence": [0.5379864589637602, 0.3992286912108813, 0.4004122533105917, 0.5518219514276671, 0.5158467248298141, 0.398673222242567, 0.36550185285631404, 0.5901645943414978, 0.5196816265043395, 0.5385083416023242, 0.39696941707335953, 0.5746076184980438, 0.45129516795661884, 0.4957017985179605, 0.3909880295273026, 0.4266067093846798, 0.46205511583664016, 0.4343380179263834, 0.5066961886691657, 0.42717710215255034, 0.49851537015764646, 0.4203456974817816, 0.5695722273817687, 0.4703168415026154, 0.5170904295184571, 0.23642302733020734, 0.3726829051921724, 0.5626512352079265, 0.3090720989460439, 0.3706997834134988]}, "k40": {"perplexity": 849.5943092094645, "coherence": [0.5261372110056319, 0.4813500821758291, 0.4004347702671689, 0.5465706416727893, 0.5258638358224685, 0.24235256245969455, 0.3655139079079848, 0.6037880628628978, 0.5348518276406414, 0.5103588343474058, 0.3902446016456175, 0.5251519932867939, 0.45533069328868275, 0.5028121454831489, 0.368257222973987, 0.525741232671562, 0.47269234252437825, 0.44915129046748775, 0.45391346576269215, 0.4323673841034689, 0.47392886691888797, 0.4498282853207762, 0.5882422020128941, 0.46074401411595634, 0.5261189515551965, 0.37806473646772504, 0.2946758010359202, 0.5618651543669105, 0.3946762748582032, 0.4319033999709121, 0.5431887104380158, 0.3689336418980044, 0.44350585330606423, 0.5636582237942098, 0.3902446016456174, 0.39699173642414587, 0.4744399704251682, 0.4652762617274301, 0.45924897889313154, 0.3902446016456174]}, "k60": {"perplexity": 1914.9139713714649, "coherence": [0.5337627873177111, 0.5400718959056847, 0.39024460164561725, 0.5540999602447167, 0.5157609706106958, 0.3671460279723656, 0.3655139079079847, 0.5963378065303417, 0.5353850288137226, 0.528929558506948, 0.39024460164561725, 0.5809693802901269, 0.28690343838970045, 0.5042759717999885, 0.5322046848429006, 0.5429862429354676, 0.5310438094187024, 0.5062531064708903, 0.5112781217843027, 0.28045928096524136, 0.4992926019246554, 0.38631704743260126, 0.5460540006940823, 0.5320926813678166, 0.5495747740865903, 0.5870555373318984, 0.4050330195250365, 0.5486454129655777, 0.513122932207015, 0.43650359874496114, 0.5417107927442767, 0.4758105164887301, 0.4710347681256006, 0.553336638113894, 0.3902446016456173, 0.39699173642414587, 0.2865292759367074, 0.43764404567121834, 0.5294224318732134, 0.3902446016456173, 0.4978308435931996, 0.5499043846363112, 0.5194744082360316, 0.3494567569075622, 0.5281880264338688, 0.4192509495853689, 0.5399403941074725, 0.553864137908151, 0.5514514318956747, 0.48819386989784963, 0.39024460164561725, 0.5465549579986264, 0.39024460164561725, 0.5433306194085621, 0.5702233775962446, 0.594899137983381, 0.377110111566275, 0.5974152762129509, 0.5264681011488587, 0.552104034024776]}, "k80": {"perplexity": 6577.939970089888, "coherence": [0.5120509030594952, 0.42826593252485845, 0.39024460164561725, 0.5207181994997352, 0.4689810667177447, 0.39024460164561725, 0.39024460164561725, 0.5138974906305637, 0.5452895059923353, 0.4454401919785734, 0.3902446016456173, 0.5468026835439264, 0.4475547349695016, 0.4765194170759477, 0.38356391624664593, 0.5146264216361821, 0.4779275781556052, 0.4541522627083018, 0.5056786874667801, 0.4340763993404179, 0.5104763963991873, 0.3385032779701345, 0.5381900176199652, 0.5491883856706651, 0.458403881280148, 0.4127755238181837, 0.451365811215892, 0.5463064891014325, 0.5270133606822902, 0.43320048247499504, 0.4930766702596384, 0.45742753416022186, 0.4713235738402964, 0.5484934142297747, 0.39024460164561725, 0.39699173642414587, 0.3510600945460519, 0.4708641248387256, 0.47681768950786846, 0.39024460164561725, 0.492464108673816, 0.4878327409508181, 0.43739208563389553, 0.3051931267099055, 0.5493997358589388, 0.419250949585369, 0.5415589032556927, 0.5626088652141508, 0.5506042744901414, 0.5864100840165489, 0.39024460164561725, 0.4624069577650068, 0.3902446016456173, 0.5363132716237431, 0.4718665071695452, 0.4275707792741885, 0.3964987035073077, 0.5029893571246802, 0.48427608169253966, 0.4310631783007466, 0.48217859152359815, 0.45117834528944734, 0.419250949585369, 0.4914974149534809, 0.5731878054609613, 0.5623215480225027, 0.5143919085934332, 0.4511184145772833, 0.419250949585369, 0.4817044878409664, 0.5605201840790736, 0.5376840615542676, 0.6111030280626283, 0.46134829571879765, 0.44617721088078943, 0.4948175509919713, 0.4877230769315021, 0.42535372897158635, 0.45811059881015714, 0.45114432655118514]}, "k100": {"perplexity": 44720.58534564494,